{
	"RUC": [
		{
			"id": 300,
			"Vf": 0.2815771887,
			"Vi": 0.117620851,
			"Vf_max": 0.7,
			"NB": 67,
			"NG": 67,
			"h": [1,1,1,1,1,1,1,1,1,1,1,1,1,1,1,1,1,1,1,1,1,1,1,1,1,1,1,1,1,1,1,1,1,1,1,1,1,1,1,1,1,1,1,1,1,1,1,1,1,1,1,1,1,1,1,1,1,1,1,1,1,1,1,1,1,1,1],
			"l": [1,1,1,1,1,1,1,1,1,1,1,1,1,1,1,1,1,1,1,1,1,1,1,1,1,1,1,1,1,1,1,1,1,1,1,1,1,1,1,1,1,1,1,1,1,1,1,1,1,1,1,1,1,1,1,1,1,1,1,1,1,1,1,1,1,1,1],
			"mats": [
				[11,11,11,11,11,11,11,11,11,11,11,11,11,11,11,11,11,11,11,11,11,11,11,11,11,11,11,11,11,11,11,11,11,11,11,11,11,11,11,12,12,12,10,10,10,10,10,10,10,10,10,10,12,12,12,11,11,11,11,11,11,11,11,11,11,11,11],
				[11,11,11,11,11,11,11,11,11,11,11,11,11,11,11,11,11,11,11,11,11,11,11,11,11,11,11,11,11,11,11,11,11,11,11,11,11,11,12,12,10,10,10,10,10,10,10,10,10,10,10,10,10,10,12,12,11,11,11,11,11,11,11,11,11,11,11],
				[11,11,11,11,11,11,11,11,11,11,11,11,11,11,11,11,11,11,11,11,11,11,11,11,11,11,11,11,11,11,11,11,11,11,11,11,11,12,12,10,10,10,10,10,10,10,10,10,10,10,10,10,10,10,10,12,12,11,11,11,11,11,11,11,11,11,11],
				[11,11,11,11,11,11,11,11,11,11,11,11,11,11,11,11,11,11,11,11,11,11,11,11,11,11,11,11,11,11,11,11,11,11,11,11,12,12,12,10,10,10,10,10,10,10,10,10,10,10,10,10,10,10,10,12,12,12,11,11,11,11,11,11,11,11,11],
				[11,11,11,11,11,11,11,11,11,11,11,11,11,11,11,11,11,11,11,11,11,11,11,11,11,11,11,11,11,11,11,11,11,11,11,11,12,12,10,10,10,10,10,10,10,10,10,10,10,10,10,10,10,10,10,10,12,12,11,11,11,11,11,11,11,11,11],
				[11,11,11,11,11,11,11,11,11,11,11,11,11,11,11,11,11,11,11,11,11,11,11,11,11,11,11,11,11,11,11,11,11,11,11,11,12,12,10,10,10,10,10,10,10,10,10,10,10,10,10,10,10,10,10,10,12,12,11,11,11,11,11,11,11,11,11],
				[11,11,11,11,11,11,11,11,11,11,11,11,11,11,11,11,11,11,11,11,11,11,11,11,11,11,11,11,11,11,11,11,11,11,11,12,12,10,10,10,10,10,10,10,10,10,10,10,10,10,10,10,10,10,10,10,10,12,12,11,11,11,11,11,11,11,11],
				[11,11,11,11,11,11,11,11,11,11,11,11,11,11,11,11,11,11,11,11,11,11,11,11,11,11,11,11,11,11,11,11,11,11,11,12,12,10,10,10,10,10,10,10,10,10,10,10,10,10,10,10,10,10,10,10,10,12,12,11,11,11,11,11,11,11,11],
				[11,11,11,11,11,11,11,11,11,11,11,11,11,11,11,11,11,11,11,11,11,11,11,11,11,11,11,11,11,11,11,11,11,11,11,12,12,10,10,10,10,10,10,10,10,10,10,10,10,10,10,10,10,10,10,10,10,12,12,11,11,11,11,11,11,11,11],
				[11,11,11,11,11,11,11,11,11,11,11,11,11,11,11,11,11,11,11,11,11,11,11,11,11,11,11,11,11,11,11,11,11,11,11,12,12,10,10,10,10,10,10,10,10,10,10,10,10,10,10,10,10,10,10,10,10,12,12,11,11,11,11,11,11,11,11],
				[11,11,11,11,11,11,11,11,11,11,11,11,11,11,11,11,11,11,11,11,11,11,11,11,11,11,11,11,11,11,11,11,11,11,11,12,12,10,10,10,10,10,10,10,10,10,10,10,10,10,10,10,10,10,10,10,10,12,12,11,11,11,11,11,11,11,11],
				[11,11,11,11,11,11,11,11,11,11,11,11,11,11,11,11,11,11,11,11,11,11,11,11,11,11,11,11,11,11,11,11,11,11,11,12,12,10,10,10,10,10,10,10,10,10,10,10,10,10,10,10,10,10,10,10,10,12,12,11,11,11,11,11,11,11,11],
				[11,11,11,11,11,11,11,11,11,11,11,11,11,11,11,11,11,11,11,11,11,11,11,11,11,11,11,11,11,11,11,11,11,11,11,11,12,12,10,10,10,10,10,10,10,10,10,10,10,10,10,10,10,10,10,10,12,12,11,11,11,11,11,11,11,11,11],
				[11,11,11,11,11,11,11,11,11,11,11,11,11,11,11,11,11,11,11,11,11,11,11,11,11,11,11,11,11,11,11,11,11,11,11,11,12,12,10,10,10,10,10,10,10,10,10,10,10,10,10,10,10,10,10,10,12,12,11,11,11,11,11,11,11,11,11],
				[11,11,11,11,11,11,11,11,11,11,11,11,11,11,11,11,11,11,11,11,11,11,11,11,11,11,11,11,11,11,11,11,11,11,11,11,12,12,12,10,10,10,10,10,10,10,10,10,10,10,10,10,10,10,10,12,12,12,11,11,11,11,11,11,11,11,11],
				[11,11,11,11,11,11,11,11,11,11,11,11,11,11,11,11,11,11,11,11,11,11,11,11,11,11,11,11,11,11,11,11,11,11,11,11,11,12,12,10,10,10,10,10,10,10,10,10,10,10,10,10,10,10,10,12,12,11,11,11,11,11,11,11,11,11,11],
				[11,11,11,11,11,11,11,11,11,11,11,11,11,11,11,11,11,11,11,11,11,11,11,11,11,11,11,11,11,11,11,11,11,11,11,11,11,11,12,12,10,10,10,10,10,10,10,10,10,10,10,10,10,10,12,12,11,11,11,11,11,11,11,11,11,11,11],
				[11,11,11,11,11,11,11,11,11,11,11,11,11,11,11,11,11,11,11,11,11,11,11,11,11,11,11,11,11,11,11,11,11,11,11,11,11,11,11,12,12,12,10,10,10,10,10,10,10,10,10,10,12,12,12,11,11,11,11,11,11,11,11,11,11,11,11],
				[11,11,11,11,11,11,11,11,11,11,11,11,11,11,11,11,11,11,11,11,11,12,12,12,12,12,12,11,11,11,11,11,11,11,11,11,11,11,11,11,12,12,12,12,10,10,10,10,10,10,12,12,12,12,11,11,11,11,11,11,11,11,11,11,11,11,11],
				[11,11,11,11,11,11,11,11,11,11,11,11,11,11,11,11,11,11,12,12,12,12,12,12,12,12,12,12,12,12,11,11,11,11,11,11,11,11,11,11,11,12,12,12,12,12,12,12,12,12,12,12,12,11,11,11,11,11,11,11,11,11,11,11,11,11,11],
				[11,11,11,11,11,11,11,11,11,11,11,11,11,11,11,11,11,12,12,12,12,10,10,10,10,10,10,12,12,12,12,11,11,11,11,11,11,11,11,11,11,11,11,11,12,12,12,12,12,12,11,11,11,11,11,11,11,11,11,11,11,11,11,11,11,11,11],
				[11,11,11,11,11,11,11,11,11,11,11,11,11,11,11,11,12,12,12,10,10,10,10,10,10,10,10,10,10,12,12,12,11,11,11,11,11,11,11,11,11,11,11,11,11,11,11,11,11,11,11,11,11,11,11,11,11,11,11,11,11,11,11,11,11,11,11],
				[11,11,11,11,11,11,11,11,11,11,11,11,11,11,11,12,12,10,10,10,10,10,10,10,10,10,10,10,10,10,10,12,12,11,11,11,11,11,11,11,11,11,11,11,11,11,11,11,11,11,11,11,11,11,11,11,11,11,11,11,11,11,11,11,11,11,11],
				[11,11,11,11,11,11,11,11,11,11,11,11,11,11,12,12,10,10,10,10,10,10,10,10,10,10,10,10,10,10,10,10,12,12,11,11,11,11,11,11,11,11,11,11,11,11,11,11,11,11,11,11,11,11,11,11,11,11,11,11,11,11,11,11,11,11,11],
				[11,11,11,11,11,11,11,11,11,11,11,11,11,12,12,12,10,10,10,10,10,10,10,10,10,10,10,10,10,10,10,10,12,12,12,11,11,11,11,11,11,11,11,11,11,11,12,12,12,12,12,12,11,11,11,11,11,11,11,11,11,11,11,11,11,11,11],
				[11,11,11,11,11,11,11,11,11,11,11,11,11,12,12,10,10,10,10,10,10,10,10,10,10,10,10,10,10,10,10,10,10,12,12,11,11,11,11,11,11,11,11,12,12,12,12,12,12,12,12,12,12,12,12,11,11,11,11,11,11,11,11,11,11,11,11],
				[11,11,11,11,11,11,11,11,11,11,11,11,11,12,12,10,10,10,10,10,10,10,10,10,10,10,10,10,10,10,10,10,10,12,12,11,11,11,11,11,11,11,12,12,12,12,10,10,10,10,10,10,12,12,12,12,11,11,11,11,11,11,11,11,11,11,11],
				[11,11,11,11,11,11,11,11,11,11,11,11,12,12,10,10,10,10,10,10,10,10,10,10,10,10,10,10,10,10,10,10,10,10,12,12,11,11,11,11,11,12,12,12,10,10,10,10,10,10,10,10,10,10,12,12,12,11,11,11,11,11,11,11,11,11,11],
				[11,11,11,11,11,11,11,11,11,11,11,11,12,12,10,10,10,10,10,10,10,10,10,10,10,10,10,10,10,10,10,10,10,10,12,12,11,11,11,11,12,12,10,10,10,10,10,10,10,10,10,10,10,10,10,10,12,12,11,11,11,11,11,11,11,11,11],
				[11,11,11,11,11,11,11,11,11,11,11,11,12,12,10,10,10,10,10,10,10,10,10,10,10,10,10,10,10,10,10,10,10,10,12,12,11,11,11,12,12,10,10,10,10,10,10,10,10,10,10,10,10,10,10,10,10,12,12,11,11,11,11,11,11,11,11],
				[11,11,11,11,11,11,11,11,11,11,11,11,12,12,10,10,10,10,10,10,10,10,10,10,10,10,10,10,10,10,10,10,10,10,12,12,11,11,12,12,12,10,10,10,10,10,10,10,10,10,10,10,10,10,10,10,10,12,12,12,11,11,11,11,11,11,11],
				[11,11,11,11,11,11,11,11,11,11,11,11,12,12,10,10,10,10,10,10,10,10,10,10,10,10,10,10,10,10,10,10,10,10,12,12,11,11,12,12,10,10,10,10,10,10,10,10,10,10,10,10,10,10,10,10,10,10,12,12,11,11,11,11,11,11,11],
				[11,11,11,11,11,11,11,11,11,11,11,11,12,12,10,10,10,10,10,10,10,10,10,10,10,10,10,10,10,10,10,10,10,10,12,12,11,11,12,12,10,10,10,10,10,10,10,10,10,10,10,10,10,10,10,10,10,10,12,12,11,11,11,11,11,11,11],
				[11,11,11,11,11,11,11,11,11,11,11,11,11,12,12,10,10,10,10,10,10,10,10,10,10,10,10,10,10,10,10,10,10,12,12,11,11,12,12,10,10,10,10,10,10,10,10,10,10,10,10,10,10,10,10,10,10,10,10,12,12,11,11,11,11,11,11],
				[11,11,11,11,11,11,11,11,11,11,11,11,11,12,12,10,10,10,10,10,10,10,10,10,10,10,10,10,10,10,10,10,10,12,12,11,11,12,12,10,10,10,10,10,10,10,10,10,10,10,10,10,10,10,10,10,10,10,10,12,12,11,11,11,11,11,11],
				[11,11,11,11,11,11,11,11,11,11,11,11,11,12,12,12,10,10,10,10,10,10,10,10,10,10,10,10,10,10,10,10,12,12,12,11,11,12,12,10,10,10,10,10,10,10,10,10,10,10,10,10,10,10,10,10,10,10,10,12,12,11,11,11,11,11,11],
